{
  "ar"        : "عربي",
  "as"        : "অসমীয়া",
  "bn-BD"     : "বাংলা (বাংলাদেশ)",
  "ca"        : "català",
  "cs"        : "Čeština",
  "cy"        : "Cymraeg",
  "de"        : "Deutsch",
  "el"        : "Ελληνικά",
  "en-US"     : "English (US)",
  "eo"        : "Esperanto",
  "es"        : "Español",
  "et"        : "Eesti keel",
  "eu"        : "Euskara",
  "ff"        : "Pulaar-Fulfulde",
  "fr"        : "Français",
  "fy-NL"     : "Frysk",
  "ga-IE"     : "Gaeilge (Éire)",
  "gd"        : "Gàidhlig",
  "gl"        : "Galego",
  "he"        : "עברית",
  "hi-IN"     : "हिन्दी (भारत)",
  "ht"        : "Kreyòl ayisyen",
  "hu"        : "magyar",
  "id"        : "Bahasa Indonesia",
  "it"        : "Italiano",
  "ja"        : "日本語",
  "ko"        : "한국어",
  "lij"       : "Ligure",
  "ml"        : "മലയാളം",
  "nl"        : "Nederlands",
  "or"        : "ଓଡ଼ିଆ",
  "pa"        : "ਪੰਜਾਬੀ",
  "pl"        : "Polski",
  "pt-BR"     : "Português (do Brasil)",
  "ro"        : "română",
  "ru"        : "Русский",
  "sl"        : "Slovenščina",
  "sq"        : "Shqip",
  "sv-SE"     : "Svenska",
  "te"        : "తెలుగు",
  "tr"        : "Türkçe",
  "ur"        : "اُردو",
  "zh-CN"     : "中文 (简体)",
  "zh-TW"     : "正體中文 (繁體)"
}
